timestamp,value
1558041412,4355635
1558041414,4355635
1558041416,4355635
1558041418,4355635
1558041420,4355635
1558041422,4355635
1558041424,4355635
1558041426,4355635
1558041428,4355635
1558041430,4355635
1558041432,4355635
1558041434,4355635
1558041436,4355635
1558041438,4355635
1558041440,4355635
1558041442,4355635
1558041444,4355635
1558041446,4355635
1558041448,4355635
1558041450,4355635
1558041452,4355635
1558041454,4355635
1558041456,4355635
1558041458,4355635
1558041460,4355635
1558041462,4355635
1558041464,4355635
1558041466,4355843
1558041468,4355843
1558041470,4355843
1558041472,4355843
1558041474,4355843
1558041476,4355843
1558041478,4355843
1558041480,4355843
1558041482,4355843
1558041484,4355843
1558041486,4355843
1558041488,4355843
1558041490,4355843
1558041492,4355843
1558041494,4355843
1558041496,4355843
1558041498,4355843
1558041500,4355843
1558041502,4355843
1558041504,4355843
1558041506,4355843
1558041508,4355843
1558041510,4355843
1558041512,4355843
1558041514,4355843
1558041516,4355843
1558041518,4355843
1558041520,4355843
1558041522,4355843
1558041524,4355843
1558041526,4355843
1558041528,4355843
1558041530,4355843
1558041532,4355843
1558041534,4355843
1558041536,4355843
1558041538,4355843
1558041540,4355843
1558041542,4355843
1558041544,4355843
1558041546,4355843
1558041548,4355843
1558041550,4355843
1558041552,4355843
1558041554,4355843
1558041556,4355843
1558041558,4355843
1558041560,4355843
1558041562,4355843
1558041564,4355843
1558041566,4355843
1558041568,4355843
1558041570,4355843
1558041572,4355843
1558041574,4355843
1558041576,4355843
1558041578,4355843
1558041580,4355843
1558041582,4355843
1558041584,4355843
1558041586,4355843
1558041588,4355843
1558041590,4355843
1558041592,4355843
1558041594,4355843
1558041596,4355843
1558041598,4355843
1558041600,4355843
1558041602,4355843
1558041604,4355843
1558041606,4355843
1558041608,4355843
1558041610,4355843
1558041612,4355843
1558041614,4355843
1558041616,4355843
1558041618,4355843
1558041620,4355843
1558041622,4355843
1558041624,4355843
1558041626,4355843
1558041628,4355843
1558041630,4355843
1558041632,4355843
1558041634,4355843
1558041636,4355843
1558041638,4355843
1558041640,4355843
1558041642,4355843
1558041644,4355843
1558041646,4355843
1558041648,4355843
1558041650,4355843
1558041652,4355843
1558041654,4355843
1558041656,4355843
1558041658,4355843
1558041660,4355843
1558041662,4355843
1558041664,4355843
1558041666,4355843
1558041668,4355843
1558041670,4355843
1558041672,4355843
1558041674,4355843
1558041676,4355843
1558041678,4355843
1558041680,4355843
1558041682,4355843
1558041684,4355843
1558041686,4355843
1558041688,4355843
1558041690,4355843
1558041692,4355843
1558041694,4355843
1558041696,4355843
1558041698,4355843
1558041700,4355843
1558041702,4355843
1558041704,4355843
1558041706,4355843
1558041708,4355843
1558041710,4355843
1558041712,4355843
1558041714,4355843
1558041716,4355843
1558041718,4355843
1558041720,4355843
1558041722,4355843
1558041724,4355843
1558041726,4355843
1558041728,4355843
1558041730,4355843
1558041732,4355843
1558041734,4355843
1558041736,4355843
1558041738,4355843
1558041740,4355843
1558041742,4355843
1558041744,4355843
1558041746,4355843
1558041748,4355843
1558041750,4355843
1558041752,4355843
1558041754,4355843
1558041756,4355843
1558041758,4355843
1558041760,4355843
1558041762,4355843
1558041764,4355843
1558041766,4356051
1558041768,4356051
1558041770,4356051
1558041772,4356051
1558041774,4356051
1558041776,4356051
1558041778,4356051
1558041780,4356051
1558041782,4356051
1558041784,4356051
1558041786,4356051
1558041788,4356051
1558041790,4356051
1558041792,4356051
1558041794,4356051
1558041796,4356051
1558041798,4356051
1558041800,4356051
1558041802,4356051
1558041804,4356051
1558041806,4356051
1558041808,4356051
1558041810,4356051
1558041812,4356051
1558041814,4356051
1558041816,4356051
1558041818,4356051
1558041820,4356051
1558041822,4356051
1558041824,4356051
1558041826,4356051
1558041828,4356051
1558041830,4356051
1558041832,4356051
1558041834,4356051
1558041836,4356051
1558041838,4356051
1558041840,4356051
1558041842,4356051
1558041844,4356051
1558041846,4356051
1558041848,4356051
1558041850,4356051
1558041852,4356051
1558041854,4356051
1558041856,4356051
1558041858,4356051
1558041860,4356051
1558041862,4356051
1558041864,4356051
1558041866,4356051
1558041868,4356051
1558041870,4356051
1558041872,4356051
1558041874,4356051
1558041876,4356051
1558041878,4356051
1558041880,4356051
1558041882,4356051
1558041884,4356051
1558041886,4356051
1558041888,4356051
1558041890,4356051
1558041892,4356051
1558041894,4356051
1558041896,4356051
1558041898,4356051
1558041900,4356051
1558041902,4356051
1558041904,4356051
1558041906,4356051
1558041908,4356051
1558041910,4356051
1558041912,4356051
1558041914,4356051
1558041916,4356051
1558041918,4356051
1558041920,4356051
1558041922,4356051
1558041924,4356051
1558041926,4356051
1558041928,4356051
1558041930,4356051
1558041932,4356051
1558041934,4356051
1558041936,4356051
1558041938,4356051
1558041940,4356051
1558041942,4356051
1558041944,4356051
1558041946,4356051
1558041948,4356051
1558041950,4356051
1558041952,4356051
1558041954,4356051
1558041956,4356051
1558041958,4356051
1558041960,4356051
1558041962,4356051
1558041964,4356051
1558041966,4356051
1558041968,4356051
1558041970,4356051
1558041972,4356051
1558041974,4356051
1558041976,4356051
1558041978,4356051
1558041980,4356051
1558041982,4356051
1558041984,4356051
1558041986,4356051
1558041988,4356051
1558041990,4356051
1558041992,4356051
1558041994,4356051
1558041996,4356051
1558041998,4356051
1558042000,4356051
1558042002,4356051
1558042004,4356051
1558042006,4356051
1558042008,4356051
1558042010,4356051
1558042012,4356051
1558042014,4356051
1558042016,4356051
1558042018,4356051
1558042020,4356051
1558042022,4356051
1558042024,4356051
1558042026,4356051
1558042028,4356051
1558042030,4356051
1558042032,4356051
1558042034,4356051
1558042036,4356051
1558042038,4356051
1558042040,4356051
1558042042,4356051
1558042044,4356051
1558042046,4356051
1558042048,4356051
1558042050,4356051
1558042052,4356051
1558042054,4356051
1558042056,4356051
1558042058,4356051
1558042060,4356051
1558042062,4356051
1558042064,4356051
1558042066,4356259
1558042068,4356259
1558042070,4356259
1558042072,4356259
1558042074,4356259
1558042076,4356259
1558042078,4356259
1558042080,4356259
1558042082,4356259
1558042084,4356259
1558042086,4356259
1558042088,4356259
1558042090,4356259
1558042092,4356259
1558042094,4356259
1558042096,4356259
1558042098,4356259
1558042100,4356259
1558042102,4356259
1558042104,4356259
1558042106,4356259
1558042108,4356259
1558042110,4356259
1558042112,4356259
1558042114,4356259
1558042116,4356259
1558042118,4356259
1558042120,4356259
1558042122,4356259
1558042124,4356259
1558042126,4356259
1558042128,4356259
1558042130,4356259
1558042132,4356259
1558042134,4356259
1558042136,4356259
1558042138,4356259
1558042140,4356259
1558042142,4356259
1558042144,4356259
1558042146,4356259
1558042148,4356259
1558042150,4356259
1558042152,4356259
1558042154,4356259
1558042156,4356259
1558042158,4356259
1558042160,4356259
1558042162,4356259
1558042164,4356259
1558042166,4356259
1558042168,4356259
1558042170,4356259
1558042172,4356259
1558042174,4356259
1558042176,4356259
1558042178,4356259
1558042180,4356259
1558042182,4356259
1558042184,4356259
1558042186,4356259
1558042188,4356259
1558042190,4356259
1558042192,4356259
1558042194,4356259
1558042196,4356259
1558042198,4356259
1558042200,4356259
1558042202,4356259
1558042204,4356259
1558042206,4356259
1558042208,4356259
1558042210,4356259
1558042212,4356259
1558042214,4356259
1558042216,4356259
1558042218,4356259
1558042220,4356259
1558042222,4356259
1558042224,4356259
1558042226,4356259
1558042228,4356259
1558042230,4356259
1558042232,4356259
1558042234,4356259
1558042236,4356259
1558042238,4356259
1558042240,4356259
1558042242,4356259
1558042244,4356259
1558042246,4356259
1558042248,4356259
1558042250,4356259
1558042252,4356259
1558042254,4356259
1558042256,4356259
1558042258,4356259
1558042260,4356259
1558042262,4356259
1558042264,4356259
1558042266,4356259
1558042268,4356259
1558042270,4356259
1558042272,4356259
1558042274,4356259
1558042276,4356259
1558042278,4356259
1558042280,4356259
1558042282,4356259
1558042284,4356259
1558042286,4356259
1558042288,4356259
1558042290,4356259
1558042292,4356259
1558042294,4356259
1558042296,4356259
1558042298,4356259
1558042300,4356259
1558042302,4356259
1558042304,4356259
1558042306,4356259
1558042308,4356259
1558042310,4356259
1558042312,4356259
1558042314,4356259
1558042316,4356259
1558042318,4356259
1558042320,4356259
1558042322,4356259
1558042324,4356259
1558042326,4356259
1558042328,4359309
1558042330,4359309
1558042332,4359309
1558042334,4361035
1558042336,4362865
1558042338,4364085
1558042340,4364085
1558042342,4364085
1558042344,4364085
1558042346,4364085
1558042348,4364085
1558042350,4364085
1558042352,4364085
1558042354,4364085
1558042356,4364085
1558042358,4364085
1558042360,4364085
1558042362,4364085
1558042364,4364681
1558042366,4364681
1558042368,4364681
1558042370,4365277
1558042372,4365277
1558042374,4365873
1558042376,4365873
1558042378,4365873
1558042380,4365873
1558042382,4365873
1558042384,4365873
1558042386,4365873
1558042388,4365873
1558042390,4365873
1558042392,4365873
1558042394,4365873
1558042396,4365873
1558042398,4365873
1558042400,4365873
1558042402,4365873
1558042404,4365873
1558042406,4365873
1558042408,4365873
1558042410,4365873
1558042412,4365873
1558042414,4365873
1558042416,4365873
1558042418,4365873
1558042420,4365873
1558042422,4365873
1558042424,4365873
1558042426,4365873
1558042428,4365873
1558042430,4365873
1558042432,4365873
1558042434,4365873
1558042436,4365873
1558042438,4365873
1558042440,4365873
1558042442,4365873
1558042444,4365873
1558042446,4365873
1558042448,4365873
1558042450,4365873
1558042452,4365873
1558042454,4365873
1558042456,4365873
1558042458,4365873
1558042460,4365873
1558042462,4365873
1558042464,4365873
1558042466,4365873
1558042468,4365873
1558042470,4365873
1558042472,4365873
1558042474,4365873
1558042476,4365873
1558042478,4365873
1558042480,4365873
1558042482,4365873
1558042484,4365873
1558042486,4365873
1558042488,4365873
1558042490,4365873
1558042492,4365873
1558042494,4365873
1558042496,4365873
1558042498,4365873
1558042500,4365873
1558042502,4365873
1558042504,4365873
1558042506,4365873
1558042508,4365873
1558042510,4365873
1558042512,4365873
1558042514,4365873
1558042516,4365873
1558042518,4365873
1558042520,4365873
1558042522,4365873
1558042524,4365873
1558042526,4365873
1558042528,4365873
1558042530,4365873
1558042532,4365873
1558042534,4365873
1558042536,4365873
1558042538,4365873
1558042540,4365873
1558042542,4365873
1558042544,4365873
1558042546,4365873
1558042548,4365873
1558042550,4365873
1558042552,4365873
1558042554,4365873
1558042556,4365873
1558042558,4365873
1558042560,4365873
1558042562,4365873
1558042564,4365873
1558042566,4365873
1558042568,4365873
1558042570,4365873
1558042572,4365873
1558042574,4365873
1558042576,4365873
1558042578,4365873
1558042580,4365873
1558042582,4365873
1558042584,4365873
1558042586,4365873
1558042588,4365873
1558042590,4366469
1558042592,4366469
1558042594,4366469
1558042596,4366469
1558042598,4366469
1558042600,4366469
1558042602,4366469
1558042604,4367065
1558042606,4367065
1558042608,4367065
1558042610,4367065
1558042612,4367065
1558042614,4367065
1558042616,4367065
1558042618,4367065
1558042620,4367065
1558042622,4367065
1558042624,4367065
1558042626,4367065
1558042628,4367065
1558042630,4367065
1558042632,4367065
1558042634,4367065
1558042636,4367065
1558042638,4367065
1558042640,4367065
1558042642,4367065
1558042644,4367065
1558042646,4367661
1558042648,4367661
1558042650,4367661
1558042652,4367661
1558042654,4367661
1558042656,4367661
1558042658,4367661
1558042660,4367661
1558042662,4368257
1558042664,4368257
1558042666,4368257
1558042668,4368853
1558042670,4368853
1558042672,4368853
1558042674,4368853
1558042676,4368853
1558042678,4369449
1558042680,4369449
1558042682,4369449
1558042684,4369449
1558042686,4369449
1558042688,4369449
1558042690,4369449
1558042692,4369449
1558042694,4369449
1558042696,4369449
1558042698,4369449
1558042700,4369449
1558042702,4369449
1558042704,4369449
1558042706,4370045
1558042708,4370045
1558042710,4370045
1558042712,4370045
1558042714,4370045
1558042716,4370045
1558042718,4370045
1558042720,4370045
1558042722,4370045
1558042724,4370045
1558042726,4370045
1558042728,4370045
1558042730,4370045
1558042732,4370045
1558042734,4370045
1558042736,4370045
1558042738,4370045
1558042740,4370045
1558042742,4370045
1558042744,4370045
1558042746,4370045
1558042748,4370045
1558042750,4370045
1558042752,4370045
1558042754,4370045
1558042756,4370045
1558042758,4370045
1558042760,4370045
1558042762,4370641
1558042764,4371237
1558042766,4371237
1558042768,4371237
1558042770,4371237
1558042772,4371237
1558042774,4371833
1558042776,4371833
1558042778,4371833
1558042780,4371833
1558042782,4371833
1558042784,4373025
1558042786,4373025
1558042788,4373025
1558042790,4373025
1558042792,4373025
1558042794,4373025
1558042796,4373025
1558042798,4373025
1558042800,4373025
1558042802,4373621
1558042804,4373621
1558042806,4373621
1558042808,4373621
1558042810,4373621
1558042812,4373621
1558042814,4373621
1558042816,4373621
1558042818,4373621
1558042820,4373621
1558042822,4373621
1558042824,4373621
1558042826,4373621
1558042828,4373621
1558042830,4373621
1558042832,4374217
1558042834,4374217
1558042836,4374813
1558042838,4374813
1558042840,4374813
1558042842,4374813
1558042844,4374813
1558042846,4374813
1558042848,4374813
1558042850,4374813
1558042852,4374813
1558042854,4374813
1558042856,4374813
1558042858,4374813
1558042860,4374813
1558042862,4374813
1558042864,4374813
1558042866,4374813
1558042868,4374813
1558042870,4374813
1558042872,4374813
1558042874,4375409
1558042876,4375409
1558042878,4375409
1558042880,4375409
1558042882,4375409
1558042884,4375409
1558042886,4375409
1558042888,4375409
1558042890,4375409
1558042892,4375409
1558042894,4375409
1558042896,4376005
1558042898,4376601
1558042900,4376601
1558042902,4376601
1558042904,4376601
1558042906,4377197
1558042908,4377197
1558042910,4377197
1558042912,4377197
1558042914,4377197
1558042916,4377197
1558042918,4377197
1558042920,4377197
1558042922,4377197
1558042924,4377197
1558042926,4377197
1558042928,4377197
1558042930,4377197
1558042932,4377197
1558042934,4377197
1558042936,4377197
1558042938,4377197
1558042940,4377197
1558042942,4377197
1558042944,4377197
1558042946,4377197
1558042948,4377197
1558042950,4377197
1558042952,4377197
1558042954,4377197
1558042956,4377793
1558042958,4377793
1558042960,4377793
1558042962,4377793
1558042964,4377793
1558042966,4377793
1558042968,4377793
1558042970,4377793
1558042972,4377793
1558042974,4378389
1558042976,4378389
1558042978,4378389
1558042980,4378389
1558042982,4378389
1558042984,4378389
1558042986,4378389
1558042988,4378389
1558042990,4378389
1558042992,4378389
1558042994,4378389
1558042996,4378389
1558042998,4378389
1558043000,4378389
1558043002,4378389
1558043004,4378389
1558043006,4378389
1558043008,4378389
1558043010,4378389
1558043012,4378389
1558043014,4378985
1558043016,4378985
1558043018,4379581
1558043020,4379581
1558043022,4380177
1558043024,4380177
1558043026,4380177
1558043028,4380177
1558043030,4380177
1558043032,4380177
1558043034,4380177
1558043036,4380177
1558043038,4380177
1558043040,4380177
1558043042,4380177
1558043044,4380177
1558043046,4380177
1558043048,4380773
1558043050,4380773
1558043052,4380773
1558043054,4380773
1558043056,4380773
1558043058,4380773
1558043060,4380773
1558043062,4380773
1558043064,4380773
1558043066,4380773
1558043068,4380773
1558043070,4380773
1558043072,4380773
1558043074,4380773
1558043076,4380773
1558043078,4380773
1558043080,4380773
1558043082,4380773
1558043084,4380773
1558043086,4380773
1558043088,4381369
1558043090,4381369
1558043092,4381369
1558043094,4381369
1558043096,4381369
1558043098,4381369
1558043100,4381369
1558043102,4381369
1558043104,4381369
1558043106,4381369
1558043108,4381369
1558043110,4381369
1558043112,4381369
1558043114,4381369
1558043116,4381369
1558043118,4381369
1558043120,4381965
1558043122,4382561
1558043124,4382561
1558043126,4382561
1558043128,4382561
1558043130,4382561
1558043132,4382561
1558043134,4382561
1558043136,4382561
1558043138,4382561
1558043140,4382561
1558043142,4382561
1558043144,4382561
1558043146,4382561
1558043148,4382561
1558043150,4382561
1558043152,4382561
1558043154,4382561
1558043156,4383673
1558043158,4383673
1558043160,4383673
1558043162,4383673
1558043164,4383673
1558043166,4383673
1558043168,4383673
1558043170,4383673
1558043172,4383673
1558043174,4384269
1558043176,4384269
1558043178,4384269
1558043180,4384269
1558043182,4384269
1558043184,4384865
1558043186,4384865
1558043188,4384865
1558043190,4384865
1558043192,4384865
1558043194,4384865
1558043196,4384865
1558043198,4384865
1558043200,4384865
1558043202,4384865
1558043204,4384865
1558043206,4384865
1558043208,4384865
1558043210,4384865
1558043212,4384865
1558043214,4385461
1558043216,4385461
1558043218,4385461
1558043220,4385461
1558043222,4385461
1558043224,4385461
1558043226,4385461
1558043228,4385461
1558043230,4385461
1558043232,4385461
1558043234,4385461
1558043236,4385461
1558043238,4385461
1558043240,4385461
1558043242,4385461
1558043244,4385461
1558043246,4385461
1558043248,4385461
1558043250,4385461
1558043252,4385461
1558043254,4385461
1558043256,4385461
1558043258,4385461
1558043260,4385461
1558043262,4385461
1558043264,4385461
1558043266,4385461
1558043268,4385461
1558043270,4385461
1558043272,4386573
1558043274,4386573
1558043276,4386573
1558043278,4386573
1558043280,4386573
1558043282,4386573
1558043284,4387169
1558043286,4387169
1558043288,4387169
1558043290,4387169
1558043292,4387765
1558043294,4387765
1558043296,4387765
1558043298,4387765
1558043300,4388957
1558043302,4388957
1558043304,4388957
1558043306,4388957
1558043308,4388957
1558043310,4388957
1558043312,4388957
1558043314,4388957
1558043316,4388957
1558043318,4388957
1558043320,4388957
1558043322,4388957
1558043324,4388957
1558043326,4388957
1558043328,4388957
1558043330,4388957
1558043332,4388957
1558043334,4388957
1558043336,4388957
1558043338,4389553
1558043340,4389553
1558043342,4389553
1558043344,4389553
1558043346,4389553
1558043348,4389553
1558043350,4389553
1558043352,4389553
1558043354,4389553
1558043356,4389553
1558043358,4389553
1558043360,4389553
1558043362,4389553
1558043364,4390149
1558043366,4390149
1558043368,4390149
1558043370,4390149
1558043372,4390149
1558043374,4390149
1558043376,4390149
1558043378,4390149
1558043380,4390149
1558043382,4390149
1558043384,4390149
1558043386,4390149
1558043388,4390149
1558043390,4390149
1558043392,4390149
1558043394,4390149
1558043396,4390149
1558043398,4390149
1558043400,4390149
1558043402,4390149
1558043404,4390745
1558043406,4391341
1558043408,4391341
1558043410,4391341
1558043412,4391341
1558043414,4391341
1558043416,4391937
1558043418,4391937
1558043420,4392533
1558043422,4392533
1558043424,4392533
1558043426,4393129
1558043428,4393129
1558043430,4393129
1558043432,4393129
1558043434,4393129
1558043436,4393129
1558043438,4393725
1558043440,4393725
1558043442,4393725
1558043444,4393725
1558043446,4393725
1558043448,4393725
1558043450,4393725
1558043452,4393725
1558043454,4393725
1558043456,4393725
1558043458,4393725
1558043460,4393725
1558043462,4394321
1558043464,4394321
1558043466,4394321
1558043468,4394321
1558043470,4394321
1558043472,4394321
1558043474,4394321
1558043476,4394321
1558043478,4394321
1558043480,4394321
1558043482,4394321
1558043484,4394321
1558043486,4395433
1558043488,4395433
1558043490,4395433
1558043492,4395433
1558043494,4395433
1558043496,4395433
1558043498,4395433
1558043500,4395433
1558043502,4395433
1558043504,4395433
1558043506,4395433
1558043508,4395433
1558043510,4395433
1558043512,4395433
1558043514,4395433
1558043516,4395433
1558043518,4395433
1558043520,4395433
1558043522,4395433
1558043524,4395433
1558043526,4395433
1558043528,4395433
1558043530,4395433
1558043532,4395433
1558043534,4395433
1558043536,4395433
1558043538,4395433
1558043540,4395433
1558043542,4396545
1558043544,4396545
1558043546,4396545
1558043548,4396545
1558043550,4396545
1558043552,4396545
1558043554,4397141
1558043556,4397141
1558043558,4397141
1558043560,4397141
1558043562,4398253
1558043564,4398253
1558043566,4398253
1558043568,4398253
1558043570,4398253
1558043572,4398849
1558043574,4398849
1558043576,4398849
1558043578,4398849
1558043580,4398849
1558043582,4398849
1558043584,4398849
1558043586,4398849
1558043588,4399445
1558043590,4399445
1558043592,4399445
1558043594,4400041
1558043596,4400041
1558043598,4400041
1558043600,4400041
1558043602,4400637
1558043604,4400637
1558043606,4400637
1558043608,4400637
1558043610,4400637
1558043612,4400637
1558043614,4400637
1558043616,4401233
1558043618,4402345
1558043620,4402941
1558043622,4402941
1558043624,4402941
1558043626,4402941
1558043628,4402941
1558043630,4402941
1558043632,4403537
1558043634,4404133
1558043636,4404133
1558043638,4404133
1558043640,4404133
1558043642,4404133
1558043644,4404133
1558043646,4404133
1558043648,4404133
1558043650,4404133
1558043652,4404133
1558043654,4404133
1558043656,4404133
1558043658,4404133
1558043660,4404729
1558043662,4404729
1558043664,4404729
1558043666,4404729
1558043668,4405325
1558043670,4405325
1558043672,4405325
1558043674,4405325
1558043676,4405325
1558043678,4405325
1558043680,4405325
1558043682,4405325
1558043684,4405325
1558043686,4405325
1558043688,4405325
1558043690,4405325
1558043692,4405325
1558043694,4405325
1558043696,4405325
1558043698,4405325
1558043700,4405325
1558043702,4405325
1558043704,4405325
1558043706,4405325
1558043708,4405325
1558043710,4405325
1558043712,4405325
1558043714,4405325
1558043716,4405325
1558043718,4405325
1558043720,4405325
1558043722,4405325
1558043724,4405325
1558043726,4405325
1558043728,4405325
1558043730,4405325
1558043732,4405325
1558043734,4405325
1558043736,4405325
1558043738,4405325
1558043740,4405325
1558043742,4405325
1558043744,4405325
1558043746,4405325
1558043748,4405325
1558043750,4405325
1558043752,4405325
1558043754,4405325
1558043756,4405325
1558043758,4405325
1558043760,4405921
1558043762,4405921
1558043764,4405921
1558043766,4405921
1558043768,4405921
1558043770,4405921
1558043772,4405921
1558043774,4405921
1558043776,4405921
1558043778,4405921
1558043780,4405921
1558043782,4406517
1558043784,4406517
1558043786,4406517
1558043788,4406517
1558043790,4406517
1558043792,4406517
1558043794,4406517
1558043796,4406517
1558043798,4406517
1558043800,4406517
1558043802,4406517
1558043804,4406517
1558043806,4406517
1558043808,4406517
1558043810,4406517
1558043812,4406517
1558043814,4406517
1558043816,4407113
1558043818,4407113
1558043820,4407113
1558043822,4407113
1558043824,4407113
1558043826,4407113
1558043828,4407113
1558043830,4407113
1558043832,4408225
1558043834,4408225
1558043836,4408225
1558043838,4408821
1558043840,4408821
1558043842,4408821
1558043844,4408821
1558043846,4409417
1558043848,4409417
1558043850,4409417
1558043852,4409417
1558043854,4409417
1558043856,4409417
1558043858,4409417
1558043860,4409417
1558043862,4409417
1558043864,4409417
1558043866,4409417
1558043868,4409417
1558043870,4409417
1558043872,4409417
1558043874,4409417
1558043876,4409417
1558043878,4409417
1558043880,4409417
1558043882,4409417
1558043884,4409417
1558043886,4410013
1558043888,4410013
1558043890,4410013
1558043892,4410013
1558043894,4410013
1558043896,4410013
1558043898,4410013
1558043900,4410013
1558043902,4410013
1558043904,4410013
1558043906,4410609
1558043908,4410609
1558043910,4410609
1558043912,4410609
1558043914,4410609
1558043916,4410609
1558043918,4410609
1558043920,4410609
1558043922,4410609
1558043924,4410609
1558043926,4410609
1558043928,4411205
1558043930,4411205
1558043932,4411801
1558043934,4411801
1558043936,4411801
1558043938,4411801
1558043940,4411801
1558043942,4411801
1558043944,4411801
1558043946,4411801
1558043948,4411801
1558043950,4412397
1558043952,4412397
1558043954,4412397
1558043956,4412397
1558043958,4412397
1558043960,4412397
1558043962,4412397
1558043964,4412397
1558043966,4412993
1558043968,4412993
1558043970,4412993
1558043972,4412993
1558043974,4412993
1558043976,4412993
1558043978,4412993
1558043980,4412993
1558043982,4412993
1558043984,4412993
1558043986,4412993
1558043988,4412993
1558043990,4412993
1558043992,4412993
1558043994,4412993
1558043996,4412993
1558043998,4412993
1558044000,4412993
1558044002,4413589
1558044004,4413589
1558044006,4413589
1558044008,4413589
1558044010,4413589
1558044012,4413589
1558044014,4413589
1558044016,4413589
1558044018,4413589
1558044020,4413589
1558044022,4413589
1558044024,4413589
1558044026,4413589
1558044028,4413589
1558044030,4413589
1558044032,4414185
1558044034,4414185
1558044036,4414185
1558044038,4414185
1558044040,4414185
1558044042,4414185
1558044044,4414185
1558044046,4414185
1558044048,4414185
1558044050,4414185
1558044052,4414185
1558044054,4414185
1558044056,4414185
1558044058,4414781
1558044060,4414781
1558044062,4414781
1558044064,4414781
1558044066,4414781
1558044068,4414781
1558044070,4414781
1558044072,4414781
1558044074,4414781
1558044076,4414781
1558044078,4414781
1558044080,4414781
1558044082,4414781
1558044084,4414781
1558044086,4414781
1558044088,4414781
1558044090,4414781
1558044092,4414781
1558044094,4414781
1558044096,4414781
1558044098,4415377
1558044100,4415377
1558044102,4415377
1558044104,4415377
1558044106,4415377
1558044108,4415377
1558044110,4415377
1558044112,4415377
1558044114,4415377
1558044116,4415377
1558044118,4415377
1558044120,4415377
1558044122,4415377
1558044124,4415377
1558044126,4415377
1558044128,4415377
1558044130,4415377
1558044132,4415377
1558044134,4415377
1558044136,4415377
1558044138,4415377
1558044140,4415377
1558044142,4415377
1558044144,4415377
1558044146,4415377
1558044148,4415377
1558044150,4415377
1558044152,4415377
1558044154,4415377
1558044156,4415377
1558044158,4415377
1558044160,4415377
1558044162,4415377
1558044164,4415377
1558044166,4415377
1558044168,4415377
1558044170,4415377
1558044172,4415377
1558044174,4415377
1558044176,4415377
1558044178,4415377
1558044180,4415377
1558044182,4415377
1558044184,4415377
1558044186,4415377
1558044188,4415377
1558044190,4415377
1558044192,4415377
1558044194,4415377
1558044196,4415377
1558044198,4415377
1558044200,4415973
1558044202,4415973
1558044204,4415973
1558044206,4415973
1558044208,4415973
1558044210,4415973
1558044212,4415973
1558044214,4415973
1558044216,4415973
1558044218,4415973
1558044220,4415973
1558044222,4415973
1558044224,4415973
1558044226,4416569
1558044228,4416569
1558044230,4416569
1558044232,4416569
1558044234,4416569
1558044236,4416569
1558044238,4416569
1558044240,4416569
1558044242,4416569
1558044244,4416569
1558044246,4416569
1558044248,4416569
1558044250,4416569
1558044252,4416569
1558044254,4417165
1558044256,4417165
1558044258,4417165
1558044260,4417165
1558044262,4417165
1558044264,4417165
1558044266,4417165
1558044268,4417165
1558044270,4417165
1558044272,4417165
1558044274,4417165
1558044276,4417165
1558044278,4417165
1558044280,4417165
1558044282,4417165
1558044284,4417165
1558044286,4417165
1558044288,4417165
1558044290,4417165
1558044292,4417165
1558044294,4417165
1558044296,4417165
1558044298,4417165
1558044300,4417165
1558044302,4417165
1558044304,4417165
1558044306,4417165
1558044308,4417165
1558044310,4417165
1558044312,4417165
1558044314,4417165
1558044316,4417165
1558044318,4417165
1558044320,4417165
1558044322,4417165
1558044324,4417165
1558044326,4417165
1558044328,4417165
1558044330,4417165
1558044332,4417165
1558044334,4417165
1558044336,4417165
1558044338,4417165
1558044340,4417165
1558044342,4417165
1558044344,4417165
1558044346,4417165
1558044348,4417165
1558044350,4417165
1558044352,4417165
1558044354,4417165
1558044356,4417165
1558044358,4417165
1558044360,4417165
1558044362,4417165
1558044364,4417165
1558044366,4417165
1558044368,4417165
1558044370,4417165
1558044372,4417165
1558044374,4417165
1558044376,4417165
1558044378,4417165
1558044380,4417165
1558044382,4417165
1558044384,4417165
1558044386,4417165
1558044388,4417165
1558044390,4417165
1558044392,4417165
1558044394,4417165
1558044396,4417165
1558044398,4417165
1558044400,4417165
1558044402,4417165
1558044404,4417165
1558044406,4417165
1558044408,4417165
1558044410,4417761
1558044412,4417761
1558044414,4418357
1558044416,4418357
1558044418,4418357
1558044420,4418357
1558044422,4418357
1558044424,4418357
1558044426,4418357
1558044428,4418953
1558044430,4418953
1558044432,4418953
1558044434,4418953
1558044436,4418953
1558044438,4418953
1558044440,4418953
1558044442,4418953
1558044444,4418953
1558044446,4418953
1558044448,4418953
1558044450,4418953
1558044452,4418953
1558044454,4418953
1558044456,4418953
1558044458,4418953
1558044460,4418953
1558044462,4418953
1558044464,4418953
1558044466,4418953
1558044468,4418953
1558044470,4418953
1558044472,4418953
1558044474,4418953
1558044476,4418953
1558044478,4418953
1558044480,4418953
1558044482,4418953
1558044484,4418953
1558044486,4418953
1558044488,4419549
1558044490,4419549
1558044492,4419549
1558044494,4419549
1558044496,4419549
1558044498,4419549
1558044500,4419549
1558044502,4419549
1558044504,4419549
1558044506,4419549
1558044508,4419549
1558044510,4419549
1558044512,4419549
1558044514,4419549
1558044516,4419549
1558044518,4419549
1558044520,4419549
1558044522,4419549
1558044524,4419549
1558044526,4419549
1558044528,4419549
1558044530,4419549
1558044532,4419549
1558044534,4419549
1558044536,4419549
1558044538,4419549
1558044540,4419549
1558044542,4419549
1558044544,4419549
1558044546,4419549
1558044548,4419549
1558044550,4419549
1558044552,4419549
1558044554,4419549
1558044556,4419549
1558044558,4419549
1558044560,4419549
1558044562,4419549
1558044564,4419549
1558044566,4419549
1558044568,4419549
1558044570,4419549
1558044572,4419549
1558044574,4419549
1558044576,4419549
1558044578,4419549
1558044580,4419549
1558044582,4419549
1558044584,4419549
1558044586,4419549
1558044588,4419549
1558044590,4419549
1558044592,4419549
1558044594,4419549
1558044596,4419549
1558044598,4419549
1558044600,4419549
1558044602,4419549
1558044604,4419549
1558044606,4419549
1558044608,4419549
1558044610,4419549
1558044612,4419549
1558044614,4419549
1558044616,4419549
1558044618,4419549
1558044620,4419549
1558044622,4419549
1558044624,4419549
1558044626,4419549
1558044628,4419549
1558044630,4419549
1558044632,4419549
1558044634,4419549
1558044636,4419549
1558044638,4419549
1558044640,4419549
1558044642,4419549
1558044644,4419549
1558044646,4419549
1558044648,4419549
1558044650,4419549
1558044652,4419549
1558044654,4419549
1558044656,4419549
1558044658,4419549
1558044660,4419549
1558044662,4419549
1558044664,4419549
1558044666,4419549
1558044668,4419549
1558044670,4419549
1558044672,4419549
1558044674,4419549
1558044676,4419549
1558044678,4419549
1558044680,4419549
1558044682,4419549
1558044684,4419549
1558044686,4419549
1558044688,4419549
1558044690,4419549
1558044692,4419549
1558044694,4419549
1558044696,4419549
1558044698,4419549
1558044700,4419549
1558044702,4419549
1558044704,4419549
1558044706,4419549
1558044708,4419549
1558044710,4419549
1558044712,4419549
1558044714,4419549
1558044716,4419549
1558044718,4419549
1558044720,4419549
1558044722,4419549
1558044724,4419549
1558044726,4419549
1558044728,4419549
1558044730,4419549
1558044732,4419549
1558044734,4419549
1558044736,4419549
1558044738,4419549
1558044740,4419549
1558044742,4419549
1558044744,4419549
1558044746,4419549
1558044748,4419549
1558044750,4419549
1558044752,4419549
1558044754,4419549
1558044756,4419549
1558044758,4419549
1558044760,4419549
1558044762,4419549
1558044764,4419549
1558044766,4419549
1558044768,4419549
1558044770,4419549
1558044772,4419549
1558044774,4419549
1558044776,4419549
1558044778,4419549
1558044780,4419549
1558044782,4419549
1558044784,4419549
1558044786,4419549
1558044788,4419757
1558044790,4419757
1558044792,4419757
1558044794,4419757
1558044796,4419757
1558044798,4419757
1558044800,4419757
1558044802,4419757
1558044804,4419757
1558044806,4419757
1558044808,4419757
1558044810,4419757
1558044812,4419757
1558044814,4419757
1558044816,4419757
1558044818,4419757
1558044820,4419757
1558044822,4419757
1558044824,4419757
1558044826,4419757
1558044828,4419757
1558044830,4419757
1558044832,4419757
1558044834,4419757
1558044836,4419757
1558044838,4419757
1558044840,4419757
1558044842,4419757
1558044844,4419757
1558044846,4419757
1558044848,4419757
1558044850,4419757
1558044852,4419757
1558044854,4419757
1558044856,4419757
1558044858,4419757
1558044860,4419757
1558044862,4419757
1558044864,4419757
1558044866,4419757
1558044868,4419757
1558044870,4419757
1558044872,4419757
1558044874,4419757
1558044876,4419757
1558044878,4419757
1558044880,4419757
1558044882,4419757
1558044884,4419757
1558044886,4419757
1558044888,4419757
1558044890,4419757
1558044892,4419757
1558044894,4419757
1558044896,4419757
1558044898,4419757
1558044900,4419757
1558044902,4419757
1558044904,4419757
1558044906,4419757
1558044908,4419757
1558044910,4419757
1558044912,4419757
1558044914,4419757
1558044916,4420353
1558044918,4420353
1558044920,4420353
1558044922,4420353
1558044924,4420353
1558044926,4420353
1558044928,4420353
1558044930,4420353
1558044932,4420353
1558044934,4420353
1558044936,4420353
1558044938,4420353
1558044940,4420353
1558044942,4420353
1558044944,4420353
1558044946,4420353
1558044948,4420353
1558044950,4420353
1558044952,4420353
1558044954,4420353
1558044956,4420353
1558044958,4420353
1558044960,4420353
1558044962,4420353
1558044964,4420353
1558044966,4420353
1558044968,4420353
1558044970,4420353
1558044972,4420353
1558044974,4420353
1558044976,4420353
1558044978,4420353
1558044980,4420353
1558044982,4420353
1558044984,4420353
1558044986,4420353
1558044988,4420353
1558044990,4420353
1558044992,4420353
1558044994,4420353
1558044996,4420353
1558044998,4420353
1558045000,4420353
1558045002,4420353
1558045004,4420353
1558045006,4420353
1558045008,4420353
1558045010,4420353
1558045012,4420353
1558045014,4420353
1558045016,4420353
1558045018,4420353
1558045020,4420353
1558045022,4420353
1558045024,4420353
1558045026,4420353
1558045028,4420353
1558045030,4420353
1558045032,4420353
1558045034,4420353
1558045036,4420353
1558045038,4420353
1558045040,4420353
1558045042,4420353
1558045044,4420353
1558045046,4420353
1558045048,4420353
1558045050,4420353
1558045052,4420353
1558045054,4420353
1558045056,4420353
1558045058,4420353
1558045060,4420353
1558045062,4420353
1558045064,4420353
1558045066,4420353
1558045068,4420353
1558045070,4420353
1558045072,4420353
1558045074,4420353
1558045076,4420353
1558045078,4420353
1558045080,4420353
1558045082,4420353
1558045084,4420353
1558045086,4420353
1558045088,4420353
1558045090,4420353
1558045092,4420353
1558045094,4420353
1558045096,4420353
1558045098,4420353
1558045100,4420353
1558045102,4420353
1558045104,4420353
1558045106,4420353
1558045108,4420353
1558045110,4420353
1558045112,4420353
1558045114,4420353
1558045116,4420353
1558045118,4420353
1558045120,4420353
1558045122,4420353
1558045124,4420353
1558045126,4420353
1558045128,4420353
1558045130,4420353
1558045132,4420353
1558045134,4420353
1558045136,4420353
1558045138,4420353
1558045140,4420353
1558045142,4420353
1558045144,4420949
1558045146,4420949
1558045148,4420949
1558045150,4420949
1558045152,4420949
1558045154,4420949
1558045156,4420949
1558045158,4420949
1558045160,4420949
1558045162,4420949
1558045164,4420949
1558045166,4420949
1558045168,4420949
1558045170,4420949
1558045172,4420949
1558045174,4420949
1558045176,4420949
1558045178,4420949
1558045180,4420949
1558045182,4420949
1558045184,4420949
1558045186,4420949
1558045188,4420949
1558045190,4420949
1558045192,4420949
1558045194,4420949
1558045196,4420949
1558045198,4420949
1558045200,4420949
1558045202,4420949
1558045204,4420949
1558045206,4420949
1558045208,4420949
1558045210,4420949
1558045212,4420949
1558045214,4420949
1558045216,4420949
1558045218,4420949
1558045220,4420949
1558045222,4420949
1558045224,4420949
1558045226,4420949
1558045228,4420949
1558045230,4420949
1558045232,4420949
1558045234,4420949
1558045236,4420949
1558045238,4420949
1558045240,4420949
1558045242,4420949
1558045244,4420949
1558045246,4420949
1558045248,4420949
1558045250,4420949
1558045252,4420949
1558045254,4420949
1558045256,4420949
1558045258,4420949
1558045260,4420949
1558045262,4420949
1558045264,4420949
1558045266,4420949
1558045268,4420949
1558045270,4420949
1558045272,4420949
1558045274,4420949
1558045276,4420949
1558045278,4420949
1558045280,4420949
1558045282,4420949
1558045284,4420949
1558045286,4420949
1558045288,4420949
1558045290,4420949
1558045292,4420949
1558045294,4420949
1558045296,4420949
1558045298,4420949
1558045300,4420949
1558045302,4420949
1558045304,4420949
1558045306,4420949
1558045308,4420949
1558045310,4420949
1558045312,4420949
1558045314,4420949
1558045316,4420949
1558045318,4420949
1558045320,4420949
1558045322,4420949
1558045324,4420949
1558045326,4420949
1558045328,4420949
1558045330,4420949
1558045332,4420949
1558045334,4420949
1558045336,4420949
1558045338,4420949
1558045340,4420949
1558045342,4420949
1558045344,4420949
1558045346,4420949
1558045348,4420949
1558045350,4420949
1558045352,4420949
1558045354,4420949
1558045356,4420949
1558045358,4420949
1558045360,4420949
1558045362,4420949
1558045364,4420949
1558045366,4420949
1558045368,4420949
1558045370,4420949
1558045372,4420949
1558045374,4420949
1558045376,4420949
1558045378,4420949
1558045380,4420949
1558045382,4420949
1558045384,4420949
1558045386,4420949
1558045388,4420949
1558045390,4420949
1558045392,4420949
1558045394,4420949
1558045396,4420949
1558045398,4420949
1558045400,4420949
1558045402,4420949
1558045404,4420949
1558045406,4420949
1558045408,4420949
1558045410,4420949
1558045412,4420949
1558045414,4420949
1558045416,4420949
1558045418,4420949
1558045420,4420949
1558045422,4420949
1558045424,4420949
1558045426,4420949
1558045428,4420949
1558045430,4420949
1558045432,4420949
1558045434,4420949
1558045436,4420949
1558045438,4420949
1558045440,4420949
1558045442,4420949
1558045444,4421157
1558045446,4421157
1558045448,4421157
1558045450,4421157
1558045452,4421157
1558045454,4421157
1558045456,4421157
1558045458,4421157
1558045460,4421157
1558045462,4421157
1558045464,4421157
1558045466,4421157
1558045468,4421157
1558045470,4421157
1558045472,4421157
1558045474,4421157
1558045476,4421157
1558045478,4421157
1558045480,4421157
1558045482,4421157
1558045484,4421157
1558045486,4421157
1558045488,4421157
1558045490,4421157
1558045492,4421157
1558045494,4421157
1558045496,4421157
1558045498,4421157
1558045500,4421157
1558045502,4421157
1558045504,4421157
1558045506,4421157
1558045508,4421157
1558045510,4421157
1558045512,4421157
1558045514,4421157
1558045516,4421157
1558045518,4421157
1558045520,4421157
1558045522,4421157
1558045524,4421157
1558045526,4421157
1558045528,4421157
1558045530,4421157
1558045532,4421157
1558045534,4421157
1558045536,4421157
1558045538,4421157
1558045540,4421157
1558045542,4421157
1558045544,4421157
1558045546,4421157
1558045548,4421157
1558045550,4421157
1558045552,4421157
1558045554,4421157
1558045556,4421157
1558045558,4421157
1558045560,4421157
1558045562,4421157
1558045564,4421157
1558045566,4421157
1558045568,4421157
1558045570,4421157
1558045572,4421157
1558045574,4421157
1558045576,4421157
1558045578,4421157
1558045580,4421157
1558045582,4421157
1558045584,4421753
1558045586,4421753
1558045588,4421753
1558045590,4421753
1558045592,4421753
1558045594,4421753
1558045596,4421753
1558045598,4421753
1558045600,4421753
1558045602,4421753
1558045604,4421753
1558045606,4421753
1558045608,4421753
1558045610,4421753
1558045612,4421753
1558045614,4421753
1558045616,4421753
1558045618,4421753
1558045620,4421753
1558045622,4422349
1558045624,4422349
1558045626,4422349
1558045628,4422349
1558045630,4422349
1558045632,4422349
1558045634,4422349
1558045636,4422349
1558045638,4422349
1558045640,4422349
1558045642,4422349
1558045644,4422349
1558045646,4422349
1558045648,4422349
1558045650,4422349
1558045652,4422349
1558045654,4422349
1558045656,4422349
1558045658,4422349
1558045660,4422349
1558045662,4422349
1558045664,4422349
1558045666,4422349
1558045668,4422349
1558045670,4422349
1558045672,4422349
1558045674,4422349
1558045676,4422349
1558045678,4422349
1558045680,4422349
1558045682,4422349
1558045684,4422349
1558045686,4422349
1558045688,4422349
1558045690,4422349
1558045692,4422349
1558045694,4422349
1558045696,4422349
1558045698,4422349
1558045700,4422349
1558045702,4422349
1558045704,4422349
1558045706,4422349
1558045708,4422349
1558045710,4422349
1558045712,4422349
1558045714,4422349
1558045716,4422349
1558045718,4422349
1558045720,4422349
1558045722,4422349
1558045724,4422349
1558045726,4422349
1558045728,4422349
1558045730,4422349
1558045732,4422349
1558045734,4422349
1558045736,4422349
1558045738,4422349
1558045740,4422349
1558045742,4422349
1558045744,4422349
1558045746,4422349
1558045748,4422349
1558045750,4422349
1558045752,4422349
1558045754,4422349
1558045756,4422349
1558045758,4422349
1558045760,4422349
1558045762,4422349
1558045764,4422349
1558045766,4422349
1558045768,4422349
1558045770,4422349
1558045772,4422349
1558045774,4422349
1558045776,4422349
1558045778,4422349
1558045780,4422349
1558045782,4422349
1558045784,4422349
1558045786,4422349
1558045788,4422349
1558045790,4422349
1558045792,4422349
1558045794,4422349
1558045796,4422349
1558045798,4422349
1558045800,4422349
1558045802,4422349
1558045804,4422349
1558045806,4422945
1558045808,4422945
1558045810,4422945
1558045812,4422945
1558045814,4422945
1558045816,4422945
1558045818,4422945
1558045820,4422945
1558045822,4422945
1558045824,4422945
1558045826,4422945
1558045828,4422945
1558045830,4422945
1558045832,4422945
1558045834,4422945
1558045836,4425995
1558045838,4425995
1558045840,4425995
1558045842,4425995
1558045844,4425995
1558045846,4425995
1558045848,4425995
1558045850,4425995
1558045852,4425995
1558045854,4426605
1558045856,4426605
1558045858,4426605
1558045860,4426605
1558045862,4426605
1558045864,4426605
1558045866,4426605
1558045868,4426605
1558045870,4426605
1558045872,4426605
1558045874,4426605
1558045876,4426605
1558045878,4426605
1558045880,4426605
1558045882,4426605
1558045884,4426605
1558045886,4426605
1558045888,4426605
1558045890,4426605
1558045892,4426605
1558045894,4426605
1558045896,4426605
1558045898,4426605
1558045900,4426605
1558045902,4426605
1558045904,4426605
1558045906,4426605
1558045908,4426605
1558045910,4426605
1558045912,4426605
1558045914,4426605
1558045916,4426605
1558045918,4426605
1558045920,4426605
1558045922,4426605
1558045924,4426605
1558045926,4426605
1558045928,4426605
