1558471352,1
1558471366,2
1558471388,3
1558471393,4
1558471416,5
1558471425,6
1558471426,7
1558471434,7
1558471459,7
1558471462,7
1558471467,7
1558471472,7
1558471484,8
1558471499,8
1558471507,8
1558471509,8
1558471512,8
1558471513,8
1558471523,8
1558471527,8
1558471544,8
1558471569,8
1558471581,8
1558471588,8
1558471590,9
1558471591,9
1558471593,9
1558471594,9
1558471600,9
1558471603,9
1558471605,9
1558471612,9
1558471615,9
1558471623,9
1558471625,9
1558471627,9
1558471644,9
1558471686,9
1558471688,9
1558471694,9
1558471694,9
1558471696,9
1558471698,9
1558471706,9
1558471710,9
1558471718,9
1558471723,9
1558471723,10
1558471741,10
1558471749,10
1558471756,10
1558471758,10
1558471759,10
1558471767,10
1558471768,10
1558471770,10
1558471777,10
1558471778,10
1558471789,10
1558471800,10
1558471806,10
1558471816,10
1558471816,10
1558471817,10
1558471820,10
1558471821,10
1558471832,10
1558471836,10
1558471837,10
1558471843,10
1558471851,10
1558471852,10
1558471852,10
1558471857,10
1558471859,10
1558471861,10
1558471869,10
1558471875,10
1558471887,10
1558471888,11
1558471890,11
1558471897,11
1558471905,11
1558471906,11
1558471914,11
1558471924,11
1558471942,11
1558471944,11
1558471947,11
1558471951,11
1558471952,11
1558471952,11
1558471955,11
1558471958,11
1558471970,11
1558471971,11
1558471980,11
1558471981,11
1558471982,11
1558471989,11
1558471995,11
1558472010,11
1558472025,11
1558472032,11
1558472034,11
1558472045,11
1558472046,11
1558472050,11
1558472053,11
1558472058,11
1558472069,11
1558472071,11
1558472087,11
1558472098,11
1558472101,11
1558472105,11
1558472106,11
1558472131,11
1558472137,11
1558472149,11
1558472151,11
1558472153,11
1558472154,11
1558472166,11
1558472167,11
1558472171,11
1558472174,11
1558472178,11
1558472179,11
1558472182,11
1558472187,11
1558472193,11
1558472196,11
1558472202,11
1558472210,11
1558472218,11
1558472220,11
1558472235,11
1558472249,11
1558472255,11
1558472268,11
1558472271,11
1558472280,11
1558472284,11
1558472290,11
1558472292,11
1558472293,11
1558472310,11
1558472310,11
1558472311,11
1558472314,11
1558472318,11
1558472337,11
1558472339,11
1558472349,11
1558472353,11
1558472353,11
1558472364,11
1558472367,11
1558472368,11
1558472371,11
1558472377,11
1558472377,11
1558472380,11
1558472393,11
1558472395,11
1558472399,11
1558472405,11
1558472413,11
1558472419,11
1558472421,11
1558472423,11
1558472427,11
1558472431,11
1558472443,11
1558472445,11
1558472447,11
1558472448,11
1558472449,11
1558472450,11
1558472471,11
1558472476,11
1558472477,11
1558472484,11
1558472485,11
1558472490,11
1558472499,11
1558472513,11
1558472513,11
1558472514,11
1558472519,11
1558472521,11
1558472524,11
1558472533,11
1558472541,11
1558472546,11
1558472547,11
1558472554,11
1558472557,11
1558472574,11
1558472578,11
1558472580,11
1558472588,11
1558472602,11
1558472608,11
1558472610,11
1558472613,11
1558472649,11
1558472663,10
1558472667,10
1558472679,10
1558472692,10
1558472701,10
1558472703,10
1558472703,10
1558472716,10
1558472724,10
1558472733,10
1558472739,10
1558472746,10
1558472754,10
1558472787,10
1558472794,9
1558472798,9
1558472817,9
1558472819,9
1558472821,9
1558472825,9
1558472825,9
1558472826,9
1558472830,9
1558472835,9
1558472841,9
1558472845,9
1558472871,9
1558472872,9
1558472875,9
1558472882,9
1558472889,9
1558472923,9
1558472925,8
1558472928,8
1558472944,8
1558472960,8
1558472967,8
1558472968,8
1558472973,8
1558472975,8
1558472990,8
1558472995,8
1558473001,8
1558473020,8
1558473028,8
1558473040,8
1558473044,7
1558473045,7
1558473049,7
1558473055,7
1558473057,7
1558473061,7
1558473081,7
1558473096,7
1558473111,7
1558473124,7
1558473145,7
1558473146,7
1558473183,7
1558473192,6
1558473204,6
1558473218,6
1558473226,6
1558473227,6
1558473258,6
1558473264,6
1558473269,6
1558473296,5
1558473300,5
1558473301,5
1558473302,5
1558473312,5
1558473332,5
1558473377,5
1558473401,5
1558473401,4
1558473404,4
1558473408,4
1558473410,4
1558473424,4
1558473427,4
1558473431,4
1558473451,4
1558473512,4
1558473518,4
1558473578,4
1558473667,3
1558473714,3
1558473741,2
1558473801,2
1558473856,2
1558473876,2
1558473914,2
1558473935,2
1558473958,2
1558473966,2
1558473975,2
1558474118,2
1558474183,2
1558474199,2
1558474326,2
1558474372,2
1558474431,2
1558474454,3
1558474462,3
1558474462,3
1558474540,3
1558474594,3
1558474637,4
1558474651,4
1558474688,4
1558474741,4
1558474764,5
1558474779,5
1558474783,5
1558474784,5
1558474794,5
1558474810,5
1558474815,5
1558474839,5
1558474840,6
1558474844,6
1558474850,6
1558474862,6
1558474884,6
1558474887,6
1558474890,6
1558474899,6
1558474924,6
1558474928,6
1558474973,6
1558474974,7
1558475017,7
1558475030,7
1558475030,7
1558475037,7
1558475040,7
1558475073,7
1558475074,8
1558475083,8
1558475093,8
1558475099,8
1558475109,8
1558475110,8
1558475116,8
1558475117,8
1558475134,8
1558475163,8
1558475178,8
1558475187,8
1558475191,9
1558475192,9
1558475194,9
1558475199,9
1558475203,9
1558475205,9
1558475205,9
1558475216,9
1558475230,9
1558475231,9
1558475250,9
1558475253,9
1558475255,9
1558475259,9
1558475269,9
1558475297,9
1558475304,9
1558475306,9
1558475317,9
1558475322,9
1558475325,10
1558475329,10
1558475338,10
1558475339,10
1558475341,10
1558475344,10
1558475349,10
1558475349,10
1558475352,10
1558475359,10
1558475362,10
1558475363,10
1558475378,10
1558475384,10
1558475391,10
1558475410,10
1558475421,10
1558475433,10
1558475434,10
1558475439,10
1558475443,10
1558475444,10
1558475446,10
1558475450,10
1558475455,10
1558475460,10
1558475465,10
1558475479,10
1558475486,10
1558475487,11
1558475488,11
1558475492,11
1558475495,11
1558475499,11
1558475501,11
1558475504,11
1558475532,11
1558475541,11
1558475544,11
1558475549,11
1558475554,11
1558475554,11
1558475569,11
1558475569,11
1558475588,11
1558475594,11
1558475597,11
1558475604,11
1558475607,11
1558475608,11
1558475615,11
1558475627,11
1558475639,11
1558475644,11
1558475646,11
1558475663,11
1558475665,11
1558475679,11
1558475683,11
1558475689,11
1558475690,11
1558475696,11
1558475712,11
1558475715,11
1558475716,11
1558475717,11
1558475728,11
1558475732,11
1558475732,11
1558475734,11
1558475735,11
1558475736,11
1558475743,11
1558475743,11
1558475745,11
1558475749,11
1558475749,11
1558475754,11
1558475757,11
1558475759,11
1558475760,11
1558475765,11
1558475777,11
1558475778,11
1558475810,11
1558475824,11
1558475838,11
1558475838,11
1558475857,11
1558475870,11
1558475876,11
1558475879,11
1558475888,11
1558475900,11
1558475913,11
1558475922,11
1558475922,11
1558475924,11
1558475933,11
1558475933,11
1558475952,11
1558475955,11
1558475956,11
1558475957,11
1558475957,11
1558475958,11
1558475960,11
1558475966,11
1558475970,11
1558475971,11
1558475974,11
1558475974,11
1558475977,11
1558475977,11
1558475980,11
1558475986,11
1558475988,11
1558475989,11
1558475990,11
1558475997,11
1558475997,11
1558476001,11
1558476002,11
1558476007,11
1558476014,11
1558476026,11
1558476033,11
1558476040,11
1558476049,11
1558476053,11
1558476055,11
1558476058,11
1558476066,11
1558476079,11
1558476081,11
1558476093,11
1558476094,11
1558476104,11
1558476109,11
1558476112,11
1558476114,11
1558476120,11
1558476126,11
1558476130,11
1558476138,11
1558476139,11
1558476140,11
1558476142,11
1558476144,11
1558476154,11
1558476161,11
1558476166,11
1558476169,11
1558476175,11
1558476176,11
1558476180,11
1558476186,11
1558476219,11
1558476221,11
1558476231,10
1558476244,10
1558476248,10
1558476249,10
1558476258,10
1558476260,10
1558476276,10
1558476276,10
1558476280,10
1558476283,10
1558476288,10
1558476288,10
1558476295,10
1558476299,10
1558476309,10
1558476310,10
1558476318,10
1558476318,10
1558476327,10
1558476329,10
1558476341,10
1558476347,10
1558476351,10
1558476361,10
1558476364,10
1558476376,10
1558476389,10
1558476401,9
1558476402,9
1558476418,9
1558476441,9
1558476443,9
1558476444,9
1558476448,9
1558476453,9
1558476461,9
1558476469,9
1558476486,9
1558476487,9
1558476490,9
1558476495,9
1558476503,9
1558476509,9
1558476511,9
1558476515,9
1558476519,9
1558476553,8
1558476562,8
1558476562,8
1558476563,8
1558476570,8
1558476572,8
1558476573,8
1558476585,8
1558476588,8
1558476589,8
1558476603,8
1558476603,8
1558476609,8
1558476619,8
1558476620,8
1558476622,8
1558476625,8
1558476628,8
1558476629,8
1558476646,8
1558476651,7
1558476662,7
1558476665,7
1558476683,7
1558476685,7
1558476690,7
1558476692,7
1558476694,7
1558476695,7
1558476709,7
1558476715,7
1558476718,7
1558476722,7
1558476769,7
1558476769,6
1558476776,6
1558476798,6
1558476801,6
1558476804,6
1558476805,6
1558476808,6
1558476816,6
1558476829,6
1558476855,6
1558476865,6
1558476868,6
1558476875,5
1558476915,5
1558476920,5
1558476937,5
1558476939,5
1558476947,5
1558476978,5
1558477001,5
1558477051,4
1558477075,4
1558477078,4
1558477081,4
1558477082,4
1558477101,4
1558477141,4
1558477143,3
1558477155,3
1558477170,3
1558477204,3
1558477209,3
1558477210,3
1558477245,3
1558477274,3
1558477289,3
1558477316,2
1558477341,2
1558477408,2
1558477541,2
1558477545,2
1558477548,2
1558477556,2
1558477571,2
1558477850,2
1558477865,2
1558477926,2
1558477963,2
1558477985,2
1558478002,2
1558478012,2
1558478042,2
1558478138,3
1558478143,3
1558478168,3
1558478188,3
1558478206,4
1558478218,4
1558478233,4
1558478236,4
1558478241,4
1558478271,4
1558478283,4
1558478294,4
1558478300,4
1558478316,4
1558478352,5
1558478355,5
1558478356,5
1558478381,5
1558478401,5
1558478405,5
1558478447,5
1558478447,6
1558478448,6
1558478457,6
1558478479,6
1558478482,6
1558478500,6
1558478505,6
1558478518,6
1558478530,6
1558478534,6
1558478557,6
1558478575,7
1558478577,7
1558478581,7
1558478594,7
1558478612,7
1558478624,7
1558478625,7
1558478634,7
1558478648,7
1558478656,7
1558478668,7
1558478674,8
1558478675,8
1558478694,8
1558478725,8
1558478725,8
1558478727,8
1558478734,8
1558478740,8
1558478758,8
1558478764,8
1558478778,8
1558478796,8
1558478798,9
1558478804,9
1558478810,9
1558478822,9
1558478825,9
1558478828,9
1558478828,9
1558478829,9
1558478830,9
1558478852,9
1558478857,9
1558478861,9
1558478870,9
1558478925,9
1558478930,10
1558478933,10
1558478936,10
1558478939,10
1558478940,10
1558478955,10
1558478957,10
1558478963,10
1558478968,10
1558478971,10
1558478977,10
1558478981,10
1558478986,10
1558478992,10
1558478993,10
1558479009,10
1558479011,10
1558479012,10
1558479019,10
1558479022,10
1558479024,10
1558479029,10
1558479030,10
1558479032,10
1558479036,10
1558479040,10
1558479044,10
1558479049,10
1558479051,10
1558479052,10
1558479053,10
1558479054,10
1558479070,10
1558479071,10
1558479073,10
1558479074,10
1558479082,10
1558479092,10
1558479096,11
1558479103,11
1558479105,11
1558479109,11
1558479113,11
1558479115,11
1558479129,11
1558479136,11
1558479137,11
1558479144,11
1558479151,11
1558479158,11
1558479160,11
1558479162,11
1558479167,11
1558479173,11
1558479176,11
1558479181,11
1558479181,11
1558479186,11
1558479202,11
1558479203,11
1558479204,11
1558479206,11
1558479208,11
1558479216,11
1558479220,11
1558479222,11
1558479224,11
1558479231,11
1558479233,11
1558479241,11
1558479248,11
1558479250,11
1558479254,11
1558479255,11
1558479256,11
1558479279,11
1558479280,11
1558479280,11
1558479288,11
1558479289,11
1558479299,11
1558479308,11
1558479308,11
1558479316,11
1558479327,11
1558479328,11
1558479335,11
1558479342,11
1558479345,11
1558479348,11
1558479362,11
1558479366,11
1558479366,11
1558479370,11
1558479375,11
1558479378,11
1558479386,11
1558479391,11
1558479395,11
1558479408,11
1558479408,11
1558479412,11
1558479420,11
1558479421,11
1558479421,11
1558479432,11
1558479434,11
1558479434,11
1558479442,11
1558479443,11
1558479447,11
1558479451,11
1558479456,11
1558479459,11
1558479485,11
1558479498,11
1558479514,11
1558479534,11
1558479540,11
1558479565,11
1558479570,11
1558479571,11
1558479574,11
1558479576,11
1558479579,11
1558479585,11
1558479592,11
1558479594,11
1558479598,11
1558479602,11
1558479603,11
1558479609,11
1558479615,11
1558479621,11
1558479625,11
1558479626,11
1558479627,11
1558479654,11
1558479662,11
1558479663,11
1558479669,11
1558479671,11
1558479680,11
1558479686,11
1558479689,11
1558479690,11
1558479695,11
1558479696,11
1558479696,11
1558479709,11
1558479718,11
1558479723,11
1558479727,11
1558479728,11
1558479733,11
1558479745,11
1558479755,11
1558479756,11
1558479759,11
1558479759,11
1558479761,11
1558479766,11
1558479767,11
1558479768,11
1558479772,11
1558479776,11
1558479778,11
1558479790,11
1558479790,11
1558479791,11
1558479803,11
1558479805,11
1558479814,11
1558479817,11
1558479818,11
1558479819,11
1558479825,11
1558479836,10
1558479844,10
1558479852,10
1558479857,10
1558479870,10
1558479872,10
1558479876,10
1558479894,10
1558479904,10
1558479913,10
1558479919,10
1558479922,10
1558479933,10
1558479939,10
1558479945,10
1558479979,10
1558479997,10
1558480001,9
1558480013,9
1558480021,9
1558480032,9
1558480053,9
1558480064,9
1558480065,9
1558480084,9
1558480094,9
1558480098,9
1558480128,9
1558480129,8
1558480136,8
1558480139,8
1558480144,8
1558480145,8
1558480149,8
1558480155,8
1558480181,8
1558480193,8
1558480197,8
1558480200,8
1558480208,8
1558480215,8
1558480219,8
1558480226,8
1558480257,8
1558480267,7
1558480317,7
1558480349,7
1558480357,7
1558480378,6
1558480387,6
1558480394,6
1558480397,6
1558480397,6
1558480410,6
1558480446,6
1558480451,6
1558480463,6
1558480467,6
1558480475,5
1558480490,5
1558480490,5
1558480501,5
1558480504,5
1558480507,5
1558480520,5
1558480544,5
1558480545,5
1558480568,5
1558480569,5
1558480581,5
1558480586,5
1558480614,5
1558480632,4
1558480637,4
1558480638,4
1558480665,4
1558480667,4
1558480691,4
1558480815,4
1558480815,3
1558480855,3
1558480872,3
1558480877,3
1558480904,3
1558480944,2
1558480978,2
1558480983,2
1558481015,2
1558481045,2
1558481053,2
1558481090,2
1558481308,2
1558481325,2
1558481399,2
1558481534,2
1558481551,2
1558481601,2
1558481622,2
1558481633,3
1558481684,3
1558481698,3
1558481712,3
1558481712,3
1558481750,3
1558481760,3
1558481805,3
1558481847,4
1558481853,4
1558481864,4
1558481865,4
1558481911,4
1558481918,4
1558481925,5
1558481929,5
1558481986,5
1558481991,5
1558481994,5
1558482000,5
1558482001,5
1558482020,5
1558482025,5
1558482045,5
1558482054,6
1558482068,6
1558482069,6
1558482110,6
1558482120,6
1558482161,6
1558482179,7
1558482188,7
1558482234,7
1558482239,7
1558482240,7
1558482246,7
1558482250,7
1558482256,7
1558482266,7
1558482266,7
1558482274,7
1558482301,8
1558482316,8
1558482321,8
1558482323,8
1558482324,8
1558482333,8
1558482339,8
1558482350,8
1558482351,8
1558482374,8
1558482378,8
1558482382,8
1558482384,8
1558482410,8
1558482420,9
1558482423,9
1558482424,9
1558482431,9
1558482435,9
1558482449,9
1558482450,9
1558482451,9
1558482452,9
1558482467,9
1558482488,9
1558482496,9
1558482500,9
1558482503,9
1558482503,9
1558482509,9
1558482511,9
1558482517,9
1558482517,9
1558482533,9
1558482533,10
1558482540,10
1558482566,10
1558482570,10
1558482574,10
1558482576,10
1558482586,10
1558482606,10
1558482609,10
1558482632,10
1558482635,10
1558482642,10
1558482656,10
1558482663,10
1558482670,10
1558482675,10
1558482676,10
1558482679,10
1558482682,10
1558482683,10
1558482689,11
1558482690,11
1558482698,11
1558482701,11
1558482711,11
1558482713,11
1558482713,11
1558482715,11
1558482726,11
1558482742,11
1558482745,11
1558482746,11
1558482748,11
1558482754,11
1558482755,11
1558482760,11
1558482761,11
1558482770,11
1558482776,11
1558482777,11
1558482783,11
1558482790,11
1558482792,11
1558482805,11
1558482806,11
1558482808,11
1558482813,11
1558482818,11
1558482823,11
1558482831,11
1558482836,11
1558482837,11
1558482846,11
1558482857,11
1558482862,11
1558482862,11
1558482863,11
1558482866,11
1558482866,11
1558482868,11
1558482869,11
1558482885,11
1558482885,11
1558482887,11
1558482887,11
1558482895,11
1558482912,11
1558482920,11
1558482931,11
1558482931,11
1558482936,11
1558482938,11
1558482942,11
1558482947,11
1558482948,11
1558482949,11
1558482952,11
1558482957,11
1558482958,11
1558482962,11
1558482974,11
1558482985,11
1558482992,11
1558482997,11
1558483009,11
1558483014,11
1558483018,11
1558483019,11
1558483024,11
1558483028,11
1558483029,11
1558483030,11
1558483034,11
1558483042,11
1558483046,11
1558483055,11
1558483059,11
1558483062,11
1558483064,11
1558483070,11
1558483070,11
1558483074,11
1558483084,11
1558483087,11
1558483100,11
1558483104,11
1558483108,11
1558483117,11
1558483123,11
1558483128,11
1558483129,11
1558483137,11
1558483140,11
1558483146,11
1558483150,11
1558483157,11
1558483163,11
1558483164,11
1558483167,11
1558483170,11
1558483174,11
1558483183,11
1558483184,11
1558483196,11
1558483212,11
1558483221,11
1558483221,11
1558483230,11
1558483236,11
1558483237,11
1558483239,11
1558483244,11
1558483250,11
1558483251,11
1558483251,11
1558483256,11
1558483259,11
1558483265,11
1558483266,11
1558483272,11
1558483283,11
1558483288,11
1558483289,11
1558483302,11
1558483307,11
1558483311,11
1558483312,11
1558483316,11
1558483325,11
1558483328,11
1558483333,11
1558483335,11
1558483335,11
1558483338,11
1558483352,11
1558483359,11
1558483377,11
1558483380,11
1558483392,11
1558483412,11
1558483414,11
1558483419,11
1558483419,11
1558483424,11
1558483425,10
1558483425,10
1558483426,10
1558483427,10
1558483430,10
1558483441,10
1558483465,10
1558483485,10
1558483490,10
1558483503,10
1558483507,10
1558483507,10
1558483507,10
1558483515,10
1558483515,10
1558483529,10
1558483535,10
1558483536,10
1558483536,10
1558483539,10
1558483540,10
1558483543,10
1558483549,10
1558483553,10
1558483557,10
1558483562,10
1558483564,10
1558483564,10
1558483571,10
1558483585,10
1558483592,9
1558483597,9
1558483613,9
1558483616,9
1558483620,9
1558483622,9
1558483623,9
1558483637,9
1558483638,9
1558483641,9
1558483652,9
1558483661,9
1558483671,9
1558483672,9
1558483697,9
1558483715,9
1558483716,9
1558483720,8
1558483727,8
1558483728,8
1558483733,8
1558483738,8
1558483751,8
1558483754,8
1558483777,8
1558483789,8
1558483794,8
1558483803,8
1558483803,8
1558483806,8
1558483812,8
1558483814,8
1558483826,8
1558483832,8
1558483847,8
1558483860,7
1558483863,7
1558483914,7
1558483926,7
1558483928,7
1558483935,7
1558483938,7
1558483946,7
1558483974,7
1558483981,6
1558483990,6
1558484000,6
1558484008,6
1558484018,6
1558484044,6
1558484046,6
1558484086,6
1558484088,5
1558484091,5
1558484094,5
1558484107,5
1558484152,5
1558484162,5
1558484183,5
1558484205,5
1558484218,4
1558484222,4
1558484232,4
1558484239,4
1558484242,4
1558484263,4
1558484275,4
1558484312,4
1558484315,4
1558484318,4
1558484365,4
1558484371,3
1558484373,3
1558484436,3
1558484472,3
1558484479,3
1558484485,3
1558484505,2
1558484517,2
1558484520,2
1558484538,2
1558484553,2
1558484555,2
1558484564,2
1558484568,2
1558484680,2
1558484741,2
1558484755,2
1558484779,2
1558484787,2
1558484842,2
1558484872,2
1558484912,2
1558484990,2
1558485017,2
1558485028,2
1558485029,2
1558485050,2
1558485068,2
1558485129,2
1558485210,2
1558485243,2
1558485321,3
1558485323,3
1558485347,3
1558485357,3
1558485407,3
1558485415,4
1558485422,4
1558485469,4
1558485508,4
1558485510,4
1558485511,4
1558485514,4
1558485515,4
1558485522,4
1558485529,5
1558485531,5
1558485536,5
1558485537,5
1558485549,5
1558485555,5
1558485556,5
1558485558,5
1558485566,5
1558485569,5
1558485589,5
1558485611,5
1558485625,5
1558485651,5
1558485686,6
1558485687,6
1558485690,6
1558485690,6
1558485707,6
1558485714,6
1558485715,6
1558485718,6
1558485720,6
1558485734,6
1558485741,6
1558485743,6
1558485755,6

